id,display_name,fx_stablecoin,max_slippage_percentage,status
ADA-ETH,ADA-ETH,False,0.03000000,online
DEXT-USD,DEXT-USD,False,0.05000000,online
RBN-USD,RBN-USD,False,0.03000000,online
UMA-EUR,UMA-EUR,False,0.03000000,delisted
DIA-EUR,DIA-EUR,False,0.03000000,delisted
REQ-USDT,REQ-USDT,False,0.03000000,delisted
RPL-USD,RPL-USD,False,0.05000000,online
PUNDIX-USD,PUNDIX-USD,False,0.03000000,online
CVC-USDC,CVC-USDC,False,0.03000000,delisted
AERO-USD,AERO-USD,False,0.03000000,online
APE-USDT,APE-USDT,False,0.03000000,online
COMP-USD,COMP-USD,False,0.03000000,online
ORCA-USD,ORCA-USD,False,0.03000000,online
XRP-EUR,XRP-EUR,False,0.05000000,online
UPI-USDT,UPI-USDT,False,0.03000000,delisted
XTZ-BTC,XTZ-BTC,False,0.03000000,online
MUSE-USD,MUSE-USD,False,0.05000000,online
API3-USD,API3-USD,False,0.03000000,online
USDT-USDC,USDT-USDC,True,0.01000000,online
IOTX-EUR,IOTX-EUR,False,0.03000000,delisted
SNT-USD,SNT-USD,False,0.03000000,delisted
1INCH-EUR,1INCH-EUR,False,0.03000000,online
ANKR-GBP,ANKR-GBP,False,0.03000000,online
CTX-USD,CTX-USD,False,0.05000000,online
TRIBE-USD,TRIBE-USD,False,0.03000000,delisted
ENJ-USD,ENJ-USD,False,0.03000000,online
METIS-USDT,METIS-USDT,False,0.03000000,delisted
FIL-BTC,FIL-BTC,False,0.03000000,online
ETH-EUR,ETH-EUR,False,0.03000000,online
SUKU-USDT,SUKU-USDT,False,0.03000000,delisted
SYLO-USD,SYLO-USD,False,0.03000000,delisted
ETH-USDT,ETH-USDT,False,0.03000000,online
ICP-EUR,ICP-EUR,False,0.03000000,online
CRV-USD,CRV-USD,False,0.03000000,online
INJ-USD,INJ-USD,False,0.03000000,online
SAND-USD,SAND-USD,False,0.03000000,online
SHIB-GBP,SHIB-GBP,False,0.03000000,online
SUI-USD,SUI-USD,False,0.03000000,online
ELA-USDT,ELA-USDT,False,0.03000000,delisted
PLU-USD,PLU-USD,False,0.03000000,online
MEDIA-USDT,MEDIA-USDT,False,0.03000000,delisted
RARI-USD,RARI-USD,False,0.03000000,online
ADA-USDT,ADA-USDT,False,0.03000000,online
KAVA-USD,KAVA-USD,False,0.03000000,online
FARM-USD,FARM-USD,False,0.03000000,online
BICO-USD,BICO-USD,False,0.03000000,online
TRU-USD,TRU-USD,False,0.03000000,online
HBAR-USDT,HBAR-USDT,False,0.03000000,online
SKL-BTC,SKL-BTC,False,0.03000000,delisted
GMT-USDT,GMT-USDT,False,0.03000000,online
EUROC-EUR,EURC-EUR,True,0.01000000,online
ETC-USD,ETC-USD,False,0.03000000,online
LINK-USDT,LINK-USDT,False,0.03000000,online
XLM-USDT,XLM-USDT,False,0.03000000,online
WCFG-USD,WCFG-USD,False,0.03000000,online
OXT-USD,OXT-USD,False,0.03000000,online
BUSD-USD,BUSD-USD,True,0.01000000,delisted
ASM-USDT,ASM-USDT,False,0.03000000,delisted
CHZ-GBP,CHZ-GBP,False,0.03000000,online
CGLD-EUR,CGLD-EUR,False,0.03000000,online
VOXEL-USD,VOXEL-USD,False,0.03000000,online
IDEX-USD,IDEX-USD,False,0.03000000,online
MASK-EUR,MASK-EUR,False,0.05000000,online
LCX-EUR,LCX-EUR,False,0.03000000,delisted
LOOM-USD,LOOM-USD,False,0.03000000,delisted
POWR-EUR,POWR-EUR,False,0.03000000,delisted
REQ-GBP,REQ-GBP,False,0.03000000,delisted
LSETH-ETH,LSETH-ETH,True,0.01000000,online
LQTY-USDT,LQTY-USDT,False,0.03000000,delisted
LTC-EUR,LTC-EUR,False,0.03000000,online
BIT-USD,BIT-USD,False,0.03000000,online
VET-USD,VET-USD,False,0.03000000,online
CBETH-ETH,cbETH-ETH,True,0.01000000,online
EOS-EUR,EOS-EUR,False,0.03000000,online
DOT-USDT,DOT-USDT,False,0.03000000,online
MULTI-USD,MULTI-USD,False,0.03000000,delisted
MNDE-USD,MNDE-USD,False,0.03000000,online
MEDIA-USD,MEDIA-USD,False,0.03000000,online
ORN-USD,ORN-USD,False,0.03000000,online
SUPER-USDT,SUPER-USDT,False,0.03000000,delisted
MCO2-USD,MCO2-USD,False,0.05000000,delisted
TNSR-USD,TNSR/USD,False,0.03000000,online
ETC-GBP,ETC-GBP,False,0.03000000,online
AUDIO-USD,AUDIO-USD,False,0.03000000,online
CLV-GBP,CLV-GBP,False,0.03000000,delisted
1INCH-BTC,1INCH-BTC,False,0.03000000,online
RLC-USD,RLC-USD,False,0.03000000,online
LDO-USD,LDO-USD,False,0.03000000,online
ALEPH-USD,ALEPH-USD,False,0.03000000,online
MANA-ETH,MANA-ETH,False,0.03000000,online
KNC-BTC,KNC-BTC,False,0.03000000,delisted
AVAX-BTC,AVAX-BTC,False,0.03000000,online
XLM-USD,XLM-USD,False,0.03000000,online
ZETA-USD,ZETA-USD,False,0.03000000,online
LIT-USD,LIT-USD,False,0.03000000,online
SNX-GBP,SNX-GBP,False,0.03000000,online
MONA-USD,MONA-USD,False,0.05000000,delisted
ICP-BTC,ICP-BTC,False,0.03000000,online
ENS-USD,ENS-USD,False,0.03000000,online
AVT-USD,AVT-USD,False,0.05000000,online
COMP-BTC,COMP-BTC,False,0.03000000,online
FIL-GBP,FIL-GBP,False,0.03000000,online
MASK-USD,MASK-USD,False,0.05000000,online
TRAC-USDT,TRAC-USDT,False,0.03000000,delisted
ANT-USD,ANT-USD,False,0.03000000,delisted
TIA-USD,TIA-USD,False,0.03000000,online
CTSI-BTC,CTSI-BTC,False,0.03000000,delisted
NMR-EUR,NMR-EUR,False,0.03000000,delisted
SPELL-USD,SPELL-USD,False,0.03000000,online
OMG-BTC,OMG-BTC,False,0.03000000,delisted
AXS-EUR,AXS-EUR,False,0.03000000,online
LINK-EUR,LINK-EUR,False,0.03000000,online
ENJ-BTC,ENJ-BTC,False,0.03000000,online
ACS-USD,ACS-USD,False,0.03000000,online
WAMPL-USD,WAMPL-USD,False,0.03000000,online
BONK-USD,BONK-USD,False,0.03000000,online
REP-BTC,REP-BTC,False,0.03000000,delisted
SWFTC-USD,SWFTC-USD,False,0.03000000,online
ARPA-USD,ARPA-USD,False,0.03000000,online
ZEN-BTC,ZEN-BTC,False,0.03000000,delisted
AGLD-USDT,AGLD-USDT,False,0.03000000,delisted
BCH-EUR,BCH-EUR,False,0.03000000,online
DREP-USDT,DREP-USDT,False,0.05000000,delisted
UMA-BTC,UMA-BTC,False,0.03000000,delisted
AVAX-USD,AVAX-USD,False,0.03000000,online
PRO-USD,PRO-USD,False,0.05000000,online
PRQ-USDT,PRQ-USDT,False,0.03000000,delisted
BADGER-USD,BADGER-USD,False,0.03000000,online
INV-USD,INV-USD,False,0.05000000,online
APT-USD,APT-USD,False,0.03000000,online
WBTC-BTC,WBTC-BTC,True,0.01000000,online
ORN-USDT,ORN-USDT,False,0.03000000,delisted
UMA-GBP,UMA-GBP,False,0.03000000,delisted
SEI-USD,SEI-USD,False,0.03000000,online
FIL-EUR,FIL-EUR,False,0.03000000,online
ARKM-USD,ARKM/USD,False,0.03000000,online
WLUNA-GBP,WLUNA-GBP,False,0.10000000,delisted
RGT-USD,RGT-USD,False,0.03000000,delisted
ONDO-USD,ONDO-USD,False,0.03000000,online
JUP-USD,JUP-USD,False,0.05000000,delisted
UST-USD,UST-USD,True,0.01000000,delisted
ETC-EUR,ETC-EUR,False,0.03000000,online
AUCTION-EUR,AUCTION-EUR,False,0.03000000,delisted
BTC-USDC,BTC-USDC,False,0.03000000,delisted
IMX-USD,IMX-USD,False,0.03000000,online
PYUSD-USD,PYUSD-USD,True,0.01000000,online
ZEC-USDC,ZEC-USDC,False,0.03000000,delisted
FOX-USDT,FOX-USDT,False,0.03000000,delisted
DESO-EUR,DESO-EUR,False,0.03000000,delisted
ETC-BTC,ETC-BTC,False,0.03000000,online
T-USD,T-USD,False,0.03000000,online
TRU-USDT,TRU-USDT,False,0.03000000,delisted
BAT-EUR,BAT-EUR,False,0.03000000,online
POND-USDT,POND-USDT,False,0.03000000,delisted
ELA-USD,ELA-USD,False,0.03000000,online
WCFG-EUR,WCFG-EUR,False,0.03000000,delisted
ADA-USDC,ADA-USDC,False,0.03000000,delisted
FLOW-USDT,FLOW-USDT,False,0.03000000,online
ALGO-EUR,ALGO-EUR,False,0.03000000,online
AERGO-USD,AERGO-USD,False,0.03000000,online
REQ-USD,REQ-USD,False,0.03000000,online
ARB-USD,ARB-USD,False,0.03000000,online
C98-USD,C98-USD,False,0.03000000,online
ARPA-EUR,ARPA-EUR,False,0.03000000,delisted
AXS-BTC,AXS-BTC,False,0.03000000,online
DYP-USD,DYP-USD,False,0.03000000,online
DESO-USD,DESO-USD,False,0.03000000,online
PERP-USD,PERP-USD,False,0.03000000,online
HFT-USDT,HFT-USDT,False,0.03000000,delisted
DOT-EUR,DOT-EUR,False,0.03000000,online
ARPA-USDT,ARPA-USDT,False,0.03000000,delisted
BICO-EUR,BICO-EUR,False,0.03000000,online
PAX-USD,PAX-USD,True,0.01000000,online
WLUNA-EUR,WLUNA-EUR,False,0.10000000,delisted
AXS-USDT,AXS-USDT,False,0.03000000,online
DOGE-USD,DOGE-USD,False,0.03000000,online
ENJ-USDT,ENJ-USDT,False,0.03000000,online
XLM-EUR,XLM-EUR,False,0.03000000,online
STG-USD,STG-USD,False,0.03000000,delisted
JASMY-USDT,JASMY-USDT,False,0.03000000,online
APE-EUR,APE-EUR,False,0.03000000,online
VELO-USD,VELO-USD,False,0.03000000,online
NU-EUR,NU-EUR,False,0.03000000,delisted
GNO-USD,GNO-USD,False,0.03000000,online
MAGIC-USD,MAGIC-USD,False,0.03000000,online
NMR-BTC,NMR-BTC,False,0.03000000,delisted
STG-USDT,STG-USDT,False,0.03000000,delisted
SUSHI-USD,SUSHI-USD,False,0.03000000,online
CTX-EUR,CTX-EUR,False,0.05000000,delisted
LRC-USD,LRC-USD,False,0.03000000,online
RNDR-USDT,RNDR-USDT,False,0.03000000,online
ATOM-BTC,ATOM-BTC,False,0.03000000,online
AURORA-USD,AURORA-USD,False,0.03000000,online
DIA-USD,DIA-USD,False,0.03000000,online
00-USD,00-USD,False,0.03000000,online
FET-USDT,FET-USDT,False,0.03000000,online
UNI-EUR,UNI-EUR,False,0.03000000,online
HIGH-USD,HIGH-USD,False,0.03000000,online
ZEC-BTC,ZEC-BTC,False,0.03000000,online
NEAR-USD,NEAR-USD,False,0.03000000,online
LINK-USD,LINK-USD,False,0.03000000,online
OMNI-USD,OMNI/USD,False,0.03000000,online
LPT-USD,LPT-USD,False,0.03000000,online
SHIB-USD,SHIB-USD,False,0.03000000,online
BIT-USDT,BIT-USDT,False,0.03000000,delisted
ETH-GBP,ETH-GBP,False,0.03000000,online
ANKR-BTC,ANKR-BTC,False,0.03000000,online
RNDR-USD,RNDR-USD,False,0.03000000,online
BTRST-EUR,BTRST-EUR,False,0.03000000,delisted
MPL-USD,MPL-USD,False,0.03000000,online
UNFI-USD,UNFI-USD,False,0.03000000,delisted
NU-BTC,NU-BTC,False,0.03000000,delisted
PYR-USD,PYR-USD,False,0.03000000,online
BIGTIME-USD,BIGTIME-USD,False,0.03000000,online
GYEN-USD,GYEN-USD,True,0.01000000,online
COTI-USD,COTI-USD,False,0.03000000,online
SKL-USD,SKL-USD,False,0.03000000,online
SEAM-USD,SEAM-USD,False,0.03000000,online
DAI-USDC,DAI-USDC,True,0.01000000,delisted
WLUNA-USD,WLUNA-USD,False,0.10000000,delisted
STX-USDT,STX-USDT,False,0.03000000,online
KRL-EUR,KRL-EUR,False,0.05000000,delisted
1INCH-GBP,1INCH-GBP,False,0.03000000,online
CRV-GBP,CRV-GBP,False,0.03000000,online
AXS-USD,AXS-USD,False,0.03000000,online
ZRX-BTC,ZRX-BTC,False,0.03000000,delisted
APT-USDT,APT-USDT,False,0.03000000,online
DOT-GBP,DOT-GBP,False,0.03000000,online
AMP-USD,AMP-USD,False,0.03000000,online
REN-USD,REN-USD,False,0.03000000,delisted
VTHO-USD,VTHO-USD,False,0.03000000,online
AST-USD,AST-USD,False,0.03000000,online
ZRX-USD,ZRX-USD,False,0.03000000,online
TRAC-USD,TRAC-USD,False,0.03000000,online
GALA-USD,GALA-USD,False,0.03000000,delisted
ALGO-GBP,ALGO-GBP,False,0.03000000,online
INDEX-USDT,INDEX-USDT,False,0.03000000,delisted
BTRST-USD,BTRST-USD,False,0.03000000,online
XYO-USDT,XYO-USDT,False,0.03000000,delisted
GTC-USD,GTC-USD,False,0.05000000,online
USDT-EUR,USDT-EUR,True,0.01000000,online
SOL-BTC,SOL-BTC,False,0.03000000,online
LRC-USDT,LRC-USDT,False,0.03000000,online
UST-EUR,UST-EUR,True,0.01000000,delisted
KSM-USD,KSM-USD,False,0.03000000,online
MIR-USD,MIR-USD,False,0.03000000,delisted
TIME-USD,TIME-USD,False,0.05000000,online
DESO-USDT,DESO-USDT,False,0.03000000,delisted
AGLD-USD,AGLD-USD,False,0.03000000,online
OMG-GBP,OMG-GBP,False,0.03000000,delisted
VGX-USDT,VGX-USDT,False,0.03000000,delisted
MTL-USD,MTL-USD,False,0.03000000,online
MKR-BTC,MKR-BTC,False,0.03000000,online
FORTH-BTC,FORTH-BTC,False,0.03000000,delisted
DASH-USD,DASH-USD,False,0.03000000,online
FARM-USDT,FARM-USDT,False,0.03000000,delisted
STORJ-BTC,STORJ-BTC,False,0.03000000,delisted
SOL-USDT,SOL-USDT,False,0.03000000,online
BNT-GBP,BNT-GBP,False,0.03000000,delisted
MUSD-USD,MUSD-USD,True,0.01000000,delisted
MANA-EUR,MANA-EUR,False,0.03000000,online
TONE-USD,TONE-USD,False,0.05000000,delisted
INDEX-USD,INDEX-USD,False,0.03000000,online
CBETH-USD,cbETH-USD,False,0.03000000,online
MANA-USD,MANA-USD,False,0.03000000,online
PRIME-USD,PRIME-USD,False,0.03000000,online
APE-USD,APE-USD,False,0.03000000,online
NKN-EUR,NKN-EUR,False,0.03000000,delisted
RLC-BTC,RLC-BTC,False,0.03000000,delisted
DAI-USD,DAI-USD,True,0.01000000,online
PERP-USDT,PERP-USDT,False,0.03000000,delisted
DOGE-BTC,DOGE-BTC,False,0.03000000,online
HONEY-USD,HONEY-USD,False,0.03000000,online
NCT-USDT,NCT-USDT,False,0.03000000,delisted
CRV-EUR,CRV-EUR,False,0.03000000,online
CGLD-GBP,CGLD-GBP,False,0.03000000,online
ADA-EUR,ADA-EUR,False,0.03000000,online
NKN-USD,NKN-USD,False,0.03000000,online
ZEN-USD,ZEN-USD,False,0.03000000,online
FIDA-USDT,FIDA-USDT,False,0.03000000,delisted
BAT-USD,BAT-USD,False,0.03000000,online
BAND-EUR,BAND-EUR,False,0.03000000,delisted
XRP-GBP,XRP-GBP,False,0.05000000,delisted
ERN-EUR,ERN-EUR,False,0.03000000,delisted
AXL-USD,AXL-USD,False,0.03000000,online
EOS-BTC,EOS-BTC,False,0.03000000,online
HFT-USD,HFT-USD,False,0.03000000,online
BAND-USD,BAND-USD,False,0.03000000,online
FLR-USD,FLR-USD,False,0.03000000,online
RAD-BTC,RAD-BTC,False,0.03000000,delisted
BLUR-USD,BLUR-USD,False,0.03000000,online
COVAL-USD,COVAL-USD,False,0.03000000,online
KNC-USD,KNC-USD,False,0.03000000,online
MINA-EUR,MINA-EUR,False,0.03000000,online
OGN-USD,OGN-USD,False,0.03000000,online
DOT-BTC,DOT-BTC,False,0.03000000,online
STORJ-USD,STORJ-USD,False,0.03000000,online
AAVE-USD,AAVE-USD,False,0.03000000,online
UPI-USD,UPI-USD,False,0.03000000,delisted
QNT-USDT,QNT-USDT,False,0.03000000,online
BTC-GBP,BTC-GBP,False,0.03000000,online
MINA-USD,MINA-USD,False,0.03000000,online
REQ-BTC,REQ-BTC,False,0.03000000,delisted
LINK-GBP,LINK-GBP,False,0.03000000,online
UMA-USD,UMA-USD,False,0.03000000,online
RAI-USD,RAI-USD,False,0.03000000,online
SNX-EUR,SNX-EUR,False,0.03000000,online
DIMO-USD,DIMO-USD,False,0.03000000,online
ILV-USD,ILV-USD,False,0.03000000,online
ADA-BTC,ADA-BTC,False,0.03000000,online
ANKR-USD,ANKR-USD,False,0.03000000,online
GUSD-USD,GUSD-USD,True,0.01000000,online
EOS-USD,EOS-USD,False,0.03000000,online
LINK-BTC,LINK-BTC,False,0.03000000,online
NKN-GBP,NKN-GBP,False,0.03000000,delisted
MASK-USDT,MASK-USDT,False,0.05000000,online
ACH-USD,ACH-USD,False,0.03000000,online
ABT-USD,ABT-USD,False,0.03000000,online
ALGO-USD,ALGO-USD,False,0.03000000,online
ROSE-USD,ROSE-USD,False,0.03000000,online
MIR-BTC,MIR-BTC,False,0.03000000,delisted
QNT-USD,QNT-USD,False,0.03000000,online
TIME-USDT,TIME-USDT,False,0.05000000,delisted
NU-USD,NU-USD,False,0.03000000,delisted
SOL-USD,SOL-USD,False,0.03000000,online
CHZ-EUR,CHZ-EUR,False,0.03000000,online
NEST-USDT,NEST-USDT,False,0.03000000,delisted
KRL-USDT,KRL-USDT,False,0.05000000,delisted
QUICK-USD,QUICK-USD,False,0.03000000,delisted
TRB-USD,TRB-USD,False,0.03000000,online
STX-USD,STX-USD,False,0.03000000,online
CRO-USD,CRO-USD,False,0.03000000,online
FORTH-EUR,FORTH-EUR,False,0.03000000,delisted
MANA-USDC,MANA-USDC,False,0.03000000,delisted
LCX-USD,LCX-USD,False,0.03000000,online
ZRX-EUR,ZRX-EUR,False,0.03000000,delisted
1INCH-USD,1INCH-USD,False,0.03000000,online
SOL-ETH,SOL-ETH,False,0.03000000,online
DAR-USD,DAR-USD,False,0.03000000,online
VGX-EUR,VGX-EUR,False,0.03000000,delisted
RLY-USD,RLY-USD,False,0.05000000,delisted
WLUNA-USDT,WLUNA-USDT,False,0.10000000,delisted
RLY-USDT,RLY-USDT,False,0.05000000,delisted
RONIN-USD,RONIN/USD,False,0.03000000,online
SPELL-USDT,SPELL-USDT,False,0.03000000,delisted
ETH-USD,ETH-USD,False,0.02000000,online
MATIC-USDT,MATIC-USDT,False,0.03000000,online
FORTH-GBP,FORTH-GBP,False,0.03000000,delisted
FLOW-USD,FLOW-USD,False,0.03000000,online
ICP-USDT,ICP-USDT,False,0.03000000,online
BCH-USD,BCH-USD,False,0.03000000,online
KSM-USDT,KSM-USDT,False,0.03000000,delisted
SHDW-USD,SHDW/USD,False,0.03000000,online
AVAX-EUR,AVAX-EUR,False,0.03000000,online
YFII-USD,YFII-USD,False,0.03000000,delisted
ANKR-EUR,ANKR-EUR,False,0.03000000,online
SUSHI-BTC,SUSHI-BTC,False,0.03000000,delisted
DDX-EUR,DDX-EUR,False,0.03000000,delisted
REP-USD,REP-USD,False,0.03000000,delisted
CRO-USDT,CRO-USDT,False,0.03000000,online
DYP-USDT,DYP-USDT,False,0.03000000,delisted
SKL-GBP,SKL-GBP,False,0.03000000,delisted
XTZ-GBP,XTZ-GBP,False,0.03000000,online
CLV-EUR,CLV-EUR,False,0.03000000,delisted
AAVE-GBP,AAVE-GBP,False,0.03000000,online
BTC-USDT,BTC-USDT,False,0.03000000,online
ETH-USDC,ETH-USDC,False,0.03000000,delisted
NEAR-USDT,NEAR-USDT,False,0.03000000,online
OCEAN-USD,OCEAN-USD,False,0.03000000,online
OGN-BTC,OGN-BTC,False,0.03000000,delisted
SKL-EUR,SKL-EUR,False,0.03000000,delisted
XRP-BTC,XRP-BTC,False,0.10000000,delisted
BADGER-USDT,BADGER-USDT,False,0.03000000,delisted
OMG-EUR,OMG-EUR,False,0.03000000,delisted
NU-GBP,NU-GBP,False,0.03000000,delisted
GALA-USDT,GALA-USDT,False,0.03000000,delisted
BTRST-USDT,BTRST-USDT,False,0.03000000,delisted
VGX-USD,VGX-USD,False,0.03000000,delisted
RNDR-EUR,RNDR-EUR,False,0.03000000,online
UST-USDT,UST-USDT,True,0.01000000,delisted
QSP-USD,QSP-USD,False,0.05000000,delisted
BAND-BTC,BAND-BTC,False,0.03000000,delisted
MATH-USDT,MATH-USDT,False,0.03000000,delisted
RLY-GBP,RLY-GBP,False,0.05000000,delisted
MKR-USD,MKR-USD,False,0.03000000,online
LTC-BTC,LTC-BTC,False,0.03000000,online
POND-USD,POND-USD,False,0.03000000,online
BLZ-USD,BLZ-USD,False,0.03000000,online
ATOM-USD,ATOM-USD,False,0.03000000,online
CRV-BTC,CRV-BTC,False,0.03000000,online
ATOM-GBP,ATOM-GBP,False,0.03000000,online
HOPR-USDT,HOPR-USDT,False,0.03000000,delisted
CTSI-USD,CTSI-USD,False,0.03000000,online
SNX-USD,SNX-USD,False,0.03000000,online
ACH-USDT,ACH-USDT,False,0.03000000,delisted
WCFG-BTC,WCFG-BTC,False,0.03000000,delisted
MINA-USDT,MINA-USDT,False,0.03000000,online
AAVE-BTC,AAVE-BTC,False,0.03000000,online
CVX-USD,CVX-USD,False,0.03000000,online
DASH-BTC,DASH-BTC,False,0.03000000,online
FOX-USD,FOX-USD,False,0.03000000,online
TRU-EUR,TRU-EUR,False,0.03000000,delisted
GHST-USD,GHST-USD,False,0.03000000,online
TRU-BTC,TRU-BTC,False,0.03000000,delisted
SHPING-USD,SHPING-USD,False,0.03000000,online
CRO-EUR,CRO-EUR,False,0.03000000,online
AIOZ-USDT,AIOZ-USDT,False,0.03000000,delisted
SHPING-EUR,SHPING-EUR,False,0.03000000,delisted
SYLO-USDT,SYLO-USDT,False,0.03000000,delisted
DOGE-GBP,DOGE-GBP,False,0.03000000,online
MDT-USD,MDT-USD,False,0.03000000,online
SUKU-EUR,SUKU-EUR,False,0.03000000,delisted
SUSHI-GBP,SUSHI-GBP,False,0.03000000,delisted
CRPT-USD,CRPT-USD,False,0.03000000,delisted
LQTY-EUR,LQTY-EUR,False,0.03000000,delisted
SUSHI-ETH,SUSHI-ETH,False,0.03000000,delisted
ORN-BTC,ORN-BTC,False,0.03000000,delisted
XRP-USD,XRP-USD,False,0.05000000,online
AKT-USD,AKT/USD,False,0.03000000,online
CLV-USDT,CLV-USDT,False,0.03000000,delisted
DDX-USD,DDX-USD,False,0.03000000,delisted
SYN-USD,SYN-USD,False,0.05000000,online
YFI-BTC,YFI-BTC,False,0.03000000,online
ALCX-EUR,ALCX-EUR,False,0.03000000,delisted
LINK-ETH,LINK-ETH,False,0.03000000,online
BNT-EUR,BNT-EUR,False,0.03000000,delisted
AAVE-EUR,AAVE-EUR,False,0.03000000,online
YFI-USD,YFI-USD,False,0.03000000,online
USDC-GBP,USDC-GBP,True,0.01000000,online
UNI-BTC,UNI-BTC,False,0.03000000,online
MATIC-BTC,MATIC-BTC,False,0.03000000,online
ATA-USDT,ATA-USDT,False,0.03000000,delisted
VARA-USD,VARA-USD,False,0.03000000,online
MXC-USD,MXC-USD,False,0.03000000,delisted
GALA-EUR,GALA-EUR,False,0.03000000,delisted
POLY-USD,POLY-USD,False,0.03000000,delisted
SHIB-USDT,SHIB-USDT,False,0.03000000,online
LTC-GBP,LTC-GBP,False,0.03000000,online
ATOM-EUR,ATOM-EUR,False,0.03000000,online
MSOL-USD,MSOL-USD,False,0.03000000,online
DNT-USDC,DNT-USDC,False,0.03000000,delisted
BAT-BTC,BAT-BTC,False,0.03000000,online
XRP-USDT,XRP-USDT,False,0.05000000,online
XLM-BTC,XLM-BTC,False,0.03000000,online
BAL-USD,BAL-USD,False,0.03000000,online
CHZ-USD,CHZ-USD,False,0.03000000,online
MCO2-USDT,MCO2-USDT,False,0.05000000,delisted
POWR-USD,POWR-USD,False,0.03000000,online
OP-USDT,OP-USDT,False,0.03000000,online
GAL-USDT,GAL-USDT,False,0.03000000,delisted
METIS-USD,METIS-USD,False,0.03000000,online
POWR-USDT,POWR-USDT,False,0.03000000,delisted
QSP-USDT,QSP-USDT,False,0.05000000,delisted
FIDA-EUR,FIDA-EUR,False,0.03000000,delisted
BOBA-USD,BOBA-USD,False,0.03000000,online
SAND-USDT,SAND-USDT,False,0.03000000,online
UNI-USD,UNI-USD,False,0.03000000,online
FORT-USDT,FORT-USDT,False,0.03000000,delisted
GRT-USD,GRT-USD,False,0.03000000,online
SNX-BTC,SNX-BTC,False,0.03000000,online
USDC-EUR,USDC-EUR,True,0.01000000,online
XTZ-USD,XTZ-USD,False,0.03000000,online
ERN-USDT,ERN-USDT,False,0.03000000,delisted
ALICE-USD,ALICE-USD,False,0.03000000,online
BNT-USD,BNT-USD,False,0.03000000,online
PAX-USDT,PAX-USDT,True,0.01000000,delisted
EGLD-USD,EGLD-USD,False,0.03000000,online
OOKI-USD,OOKI-USD,False,0.05000000,delisted
PNG-USD,PNG-USD,False,0.05000000,online
QI-USD,QI-USD,False,0.03000000,online
SUKU-USD,SUKU-USD,False,0.03000000,online
SOL-EUR,SOL-EUR,False,0.03000000,online
CTX-USDT,CTX-USDT,False,0.05000000,delisted
JASMY-USD,JASMY-USD,False,0.03000000,online
MDT-USDT,MDT-USDT,False,0.03000000,delisted
LOOM-USDC,LOOM-USDC,False,0.03000000,delisted
CELR-USD,CELR-USD,False,0.03000000,online
SOL-GBP,SOL-GBP,False,0.03000000,online
GST-USD,GST-USD,False,0.03000000,online
ATOM-USDT,ATOM-USDT,False,0.03000000,online
RLY-EUR,RLY-EUR,False,0.05000000,delisted
OSMO-USD,OSMO-USD,False,0.03000000,online
SHPING-USDT,SHPING-USDT,False,0.03000000,delisted
LRC-BTC,LRC-BTC,False,0.03000000,online
RARE-USD,RARE-USD,False,0.03000000,online
ATA-USD,ATA-USD,False,0.03000000,delisted
ALGO-BTC,ALGO-BTC,False,0.03000000,online
C98-USDT,C98-USDT,False,0.03000000,delisted
XYO-EUR,XYO-EUR,False,0.03000000,delisted
LTC-USD,LTC-USD,False,0.03000000,online
BAND-GBP,BAND-GBP,False,0.03000000,delisted
NEST-USD,NEST-USD,False,0.03000000,delisted
AUCTION-USDT,AUCTION-USDT,False,0.03000000,delisted
ASM-USD,ASM-USD,False,0.03000000,online
GFI-USD,GFI-USD,False,0.03000000,online
NCT-EUR,NCT-EUR,False,0.03000000,delisted
GRT-GBP,GRT-GBP,False,0.03000000,online
BAL-BTC,BAL-BTC,False,0.03000000,online
GLM-USD,GLM-USD,False,0.03000000,online
DDX-USDT,DDX-USDT,False,0.03000000,delisted
OP-USD,OP-USD,False,0.03000000,online
WCFG-USDT,WCFG-USDT,False,0.03000000,delisted
REN-BTC,REN-BTC,False,0.03000000,delisted
BOBA-USDT,BOBA-USDT,False,0.03000000,delisted
POLY-USDT,POLY-USDT,False,0.03000000,delisted
MATIC-EUR,MATIC-EUR,False,0.03000000,online
RAD-EUR,RAD-EUR,False,0.03000000,delisted
NCT-USD,NCT-USD,False,0.03000000,online
LOKA-USD,LOKA-USD,False,0.03000000,online
CLV-USD,CLV-USD,False,0.03000000,online
RAD-GBP,RAD-GBP,False,0.03000000,delisted
DOT-USD,DOT-USD,False,0.03000000,online
BOND-USD,BOND-USD,False,0.03000000,delisted
EUROC-USD,EURC-USD,True,0.01000000,online
API3-USDT,API3-USDT,False,0.03000000,delisted
FORT-USD,FORT-USD,False,0.03000000,online
BCH-GBP,BCH-GBP,False,0.03000000,online
BAT-USDC,BAT-USDC,False,0.03000000,delisted
BOND-USDT,BOND-USDT,False,0.03000000,delisted
GNT-USDC,GNT-USDC,False,0.03000000,delisted
TRB-BTC,TRB-BTC,False,0.03000000,delisted
DOGE-USDT,DOGE-USDT,False,0.03000000,online
ADA-GBP,ADA-GBP,False,0.03000000,online
MLN-USD,MLN-USD,False,0.03000000,online
XYO-BTC,XYO-BTC,False,0.03000000,delisted
AVAX-USDT,AVAX-USDT,False,0.03000000,online
TVK-USD,TVK-USD,False,0.03000000,online
XCN-USDT,XCN-USDT,False,0.03000000,delisted
MATIC-USD,MATIC-USD,False,0.03000000,online
DNT-USD,DNT-USD,False,0.05000000,online
ROSE-USDT,ROSE-USDT,False,0.03000000,online
PLA-USD,PLA-USD,False,0.03000000,delisted
MIR-EUR,MIR-EUR,False,0.03000000,delisted
GMT-USD,GMT-USD,False,0.03000000,online
GRT-EUR,GRT-EUR,False,0.03000000,online
COVAL-USDT,COVAL-USDT,False,0.03000000,delisted
ALCX-USD,ALCX-USD,False,0.03000000,online
ALCX-USDT,ALCX-USDT,False,0.03000000,delisted
FIS-USDT,FIS-USDT,False,0.03000000,delisted
BTC-USD,BTC-USD,False,0.02000000,online
ZEC-USD,ZEC-USD,False,0.03000000,online
XTZ-EUR,XTZ-EUR,False,0.03000000,online
BADGER-EUR,BADGER-EUR,False,0.03000000,delisted
FIS-USD,FIS-USD,False,0.03000000,online
ADA-USD,ADA-USD,False,0.03000000,online
UNI-GBP,UNI-GBP,False,0.03000000,online
ENS-EUR,ENS-EUR,False,0.03000000,online
WBTC-USD,WBTC-USD,False,0.03000000,online
ENS-USDT,ENS-USDT,False,0.03000000,online
FIL-USD,FIL-USD,False,0.03000000,online
MATIC-GBP,MATIC-GBP,False,0.03000000,online
IDEX-USDT,IDEX-USDT,False,0.03000000,delisted
CGLD-BTC,CGLD-BTC,False,0.03000000,online
BCH-BTC,BCH-BTC,False,0.03000000,online
SHIB-EUR,SHIB-EUR,False,0.03000000,online
LQTY-USD,LQTY-USD,False,0.03000000,online
ICP-GBP,ICP-GBP,False,0.03000000,online
LSETH-USD,LSETH-USD,False,0.03000000,online
PRQ-USD,PRQ-USD,False,0.03000000,online
WAMPL-USDT,WAMPL-USDT,False,0.03000000,delisted
DREP-USD,DREP-USD,False,0.05000000,delisted
XCN-USD,XCN-USD,False,0.03000000,online
HOPR-USD,HOPR-USD,False,0.03000000,online
CGLD-USD,CGLD-USD,False,0.03000000,online
HNT-USD,HNT-USD,False,0.03000000,online
ICP-USD,ICP-USD,False,0.03000000,online
ERN-USD,ERN-USD,False,0.03000000,online
BTRST-BTC,BTRST-BTC,False,0.03000000,delisted
WAXL-USD,WAXL-USD,False,0.03000000,online
XYO-USD,XYO-USD,False,0.03000000,online
DOGE-EUR,DOGE-EUR,False,0.03000000,online
DIA-USDT,DIA-USDT,False,0.03000000,delisted
NKN-BTC,NKN-BTC,False,0.03000000,delisted
BICO-USDT,BICO-USDT,False,0.03000000,online
ZEN-USDT,ZEN-USDT,False,0.03000000,delisted
LCX-USDT,LCX-USDT,False,0.03000000,delisted
AUCTION-USD,AUCTION-USD,False,0.03000000,online
BTRST-GBP,BTRST-GBP,False,0.03000000,delisted
SPA-USD,SPA-USD,False,0.03000000,online
ETH-BTC,ETH-BTC,False,0.03000000,online
REQ-EUR,REQ-EUR,False,0.03000000,delisted
MASK-GBP,MASK-GBP,False,0.05000000,online
FORTH-USD,FORTH-USD,False,0.03000000,online
BNT-BTC,BNT-BTC,False,0.03000000,delisted
FIDA-USD,FIDA-USD,False,0.03000000,online
STRK-USD,STRK/USD,False,0.03000000,online
GNO-USDT,GNO-USDT,False,0.03000000,delisted
BTC-EUR,BTC-EUR,False,0.03000000,online
JTO-USD,JTO-USD,False,0.03000000,online
RAD-USDT,RAD-USDT,False,0.03000000,delisted
TRAC-EUR,TRAC-EUR,False,0.03000000,delisted
GAL-USD,GAL-USD,False,0.03000000,online
RAD-USD,RAD-USD,False,0.03000000,online
POLS-USD,POLS-USD,False,0.03000000,online
IMX-USDT,IMX-USDT,False,0.03000000,online
KRL-USD,KRL-USD,False,0.05000000,online
FET-USD,FET-USD,False,0.03000000,online
USDT-GBP,USDT-GBP,True,0.01000000,online
CHZ-USDT,CHZ-USDT,False,0.03000000,online
MOBILE-USD,MOBILE/USD,False,0.03000000,online
FX-USD,FX-USD,False,0.03000000,online
AIOZ-USD,AIOZ-USD,False,0.03000000,online
BAT-ETH,BAT-ETH,False,0.03000000,online
SUPER-USD,SUPER-USD,False,0.03000000,online
IOTX-USD,IOTX-USD,False,0.03000000,online
ETH-DAI,ETH-DAI,False,0.03000000,online
KEEP-USD,KEEP-USD,False,0.03000000,delisted
CVC-USD,CVC-USD,False,0.03000000,online
MANA-BTC,MANA-BTC,False,0.03000000,online
MATH-USD,MATH-USD,False,0.03000000,online
MIR-GBP,MIR-GBP,False,0.03000000,delisted
GODS-USD,GODS-USD,False,0.03000000,online
USDT-USD,USDT-USD,True,0.01000000,online
RENDER-USD,RENDER/USD,False,0.03000000,online
HBAR-USD,HBAR-USD,False,0.03000000,online
POLS-USDT,POLS-USDT,False,0.03000000,delisted
NMR-USD,NMR-USD,False,0.03000000,online
PERP-EUR,PERP-EUR,False,0.03000000,delisted
OMG-USD,OMG-USD,False,0.03000000,delisted
NMR-GBP,NMR-GBP,False,0.03000000,delisted
SUSHI-EUR,SUSHI-EUR,False,0.03000000,delisted
GRT-BTC,GRT-BTC,False,0.03000000,online
